﻿{
    "alwaysShowCompareButton": false,
    "arenaBorderColor": "00ffff",
    "arenaBorderColorAlpha": 255,
    "arenaBorderRecolor": false,
    "autoLogin": false,
    "battleResultsRealname": false,
    "battleResultsRemoveBadges": false,
    "checkUpdate": true,
    "dateNextCheck": 0,
    "debugMode": false,
    "disableBCHint": false,
    "disableBlinkingNotes": false,
    "disableDecalReward": false,
    "disableEventBanner": false,
    "disableHelpHint": false,
    "disableHeroTank": false,
    "disableKillPeepMode": 0,
    "disableMarathonMusic": false,
    "disableQuestHint": false,
    "disableTeaser": false,
    "enabled": true,
    "extendedZoomOut": 0,
    "fightButtonText": "RNG!",
    "fightButtonTextMode": 0,
    "hangarTooltip": false,
    "maxBlocklistSize": 1000,
    "maxCameraZoomOut": 150,
    "maxFriendlistSize": 300,
    "removeButtonGeneralChat": false,
    "removeButtonReferral": false,
    "removeDogTags": false,
    "removeLootboxInHangar": false,
    "removeMaxBoosterDisplayLimit": false,
    "removeSimpleParams": false,
    "removeUnreadNotes": false,
    "speedometerAlwaysOn": false,
    "storageTooltip": false
}